INSERT INTO profesores (nombre) VALUES
('Mar'), ('Flor'), ('Nayara'), ('Marifé'), ('Álvaro'), ('Nieves'), ('Sofía');

SELECT insert_alumno_with_sensitive_data('Carlos', 'García', 50, 'carlos@example.com', '123456789');
SELECT insert_alumno_with_sensitive_data('María', 'Pérez', 30, 'maria@example.com', '987654321');
SELECT insert_alumno_with_sensitive_data('Juan', 'López', 20, 'juan@example.com', '123123123');
SELECT insert_alumno_with_sensitive_data('Ana', 'Martínez', 25, 'ana@example.com', '456456456');
SELECT insert_alumno_with_sensitive_data('Luis', 'González', 22, 'luis@example.com', '789789789');
SELECT insert_alumno_with_sensitive_data('Elena', 'Sánchez', 28, 'elena@example.com', '321321321');
SELECT insert_alumno_with_sensitive_data('Alberto', 'Ruiz', 35, 'alberto@example.com', '112233445');
SELECT insert_alumno_with_sensitive_data('Lucía', 'Hernández', 27, 'lucia@example.com', '556677889');
SELECT insert_alumno_with_sensitive_data('Miguel', 'Ramírez', 32, 'miguel@example.com', '667788990');
SELECT insert_alumno_with_sensitive_data('Raquel', 'Díaz', 24, 'raquel@example.com', '998877665');
SELECT insert_alumno_with_sensitive_data('Andrés', 'Moreno', 29, 'andres@example.com', '556699887');
SELECT insert_alumno_with_sensitive_data('Laura', 'Suárez', 31, 'laura@example.com', '665544332');
SELECT insert_alumno_with_sensitive_data('Carlos', 'Rodríguez', 21, 'carlosr@example.com', '112244556');
SELECT insert_alumno_with_sensitive_data('Teresa', 'Vargas', 26, 'teresa@example.com', '774411223');
SELECT insert_alumno_with_sensitive_data('Pedro', 'Santos', 40, 'pedro@example.com', '998844332');
SELECT insert_alumno_with_sensitive_data('Sandra', 'Gómez', 23, 'sandra@example.com', '887766554');
SELECT insert_alumno_with_sensitive_data('Hugo', 'Torres', 22, 'hugo@example.com', '334455667');
SELECT insert_alumno_with_sensitive_data('Marta', 'Flores', 34, 'marta@example.com', '778899665');
SELECT insert_alumno_with_sensitive_data('David', 'Navarro', 28, 'david@example.com', '665577889');
SELECT insert_alumno_with_sensitive_data('Patricia', 'Cruz', 30, 'patricia@example.com', '332211445');
SELECT insert_alumno_with_sensitive_data('Manuel', 'Reyes', 33, 'manuel@example.com', '554433221');
SELECT insert_alumno_with_sensitive_data('Paula', 'Molina', 25, 'paula@example.com', '998877443');
SELECT insert_alumno_with_sensitive_data('Sergio', 'Ortiz', 27, 'sergio@example.com', '667755443');
SELECT insert_alumno_with_sensitive_data('Irene', 'Rubio', 29, 'irene@example.com', '774455332');
SELECT insert_alumno_with_sensitive_data('Ramón', 'Delgado', 35, 'ramon@example.com', '885533221');
SELECT insert_alumno_with_sensitive_data('Adriana', 'Vega', 31, 'adriana@example.com', '665588447');
SELECT insert_alumno_with_sensitive_data('Víctor', 'Castro', 32, 'victor@example.com', '556677443');
SELECT insert_alumno_with_sensitive_data('Natalia', 'Blanco', 26, 'natalia@example.com', '332211119');
SELECT insert_alumno_with_sensitive_data('Rafael', 'García', 24, 'rafael@example.com', '889977665');
SELECT insert_alumno_with_sensitive_data('Julia', 'Méndez', 33, 'julia@example.com', '998855443');
SELECT insert_alumno_with_sensitive_data('Diego', 'Gil', 30, 'diego@example.com', '665577221');
SELECT insert_alumno_with_sensitive_data('Eva', 'Rey', 28, 'eva@example.com', '334411556');
SELECT insert_alumno_with_sensitive_data('Antonio', 'Pardo', 34, 'antonio@example.com', '112233889');
SELECT insert_alumno_with_sensitive_data('Rosa', 'Ramos', 27, 'rosa@example.com', '998877221');
SELECT insert_alumno_with_sensitive_data('Javier', 'Sanz', 23, 'javier@example.com', '556688997');
SELECT insert_alumno_with_sensitive_data('Nuria', 'Ferrer', 32, 'nuria@example.com', '223344556');
SELECT insert_alumno_with_sensitive_data('Mario', 'León', 21, 'mario@example.com', '665544990');
SELECT insert_alumno_with_sensitive_data('Clara', 'Ibáñez', 30, 'clara@example.com', '998811223');
SELECT insert_alumno_with_sensitive_data('Francisco', 'Campos', 35, 'francisco@example.com', '223344665');
SELECT insert_alumno_with_sensitive_data('Lola', 'Sierra', 26, 'lola@example.com', '445566332');
SELECT insert_alumno_with_sensitive_data('Alejandro', 'Lara', 29, 'alejandro@example.com', '667788223');
SELECT insert_alumno_with_sensitive_data('Beatriz', 'Mora', 24, 'beatriz@example.com', '556677229');
SELECT insert_alumno_with_sensitive_data('Enrique', 'Moya', 28, 'enrique@example.com', '998855332');
SELECT insert_alumno_with_sensitive_data('Lorena', 'Pascual', 31, 'lorena@example.com', '665544223');
SELECT insert_alumno_with_sensitive_data('Tomás', 'Pérez', 33, 'tomas@example.com', '998877665');
SELECT insert_alumno_with_sensitive_data('Miriam', 'Marín', 27, 'miriam@example.com', '665533221');
SELECT insert_alumno_with_sensitive_data('Ricardo', 'Herrera', 30, 'ricardo@example.com', '554422110');
SELECT insert_alumno_with_sensitive_data('Noelia', 'Calvo', 26, 'noelia@example.com', '998877665');
SELECT insert_alumno_with_sensitive_data('Álvaro', 'Lozano', 29, 'alvaro@example.com', '667788990');
SELECT insert_alumno_with_sensitive_data('Yolanda', 'Peña', 24, 'yolanda@example.com', '223344556');
SELECT insert_alumno_with_sensitive_data('Pablo', 'Aguilar', 28, 'pablo@example.com', '998877443');
SELECT insert_alumno_with_sensitive_data('Silvia', 'Núñez', 32, 'silvia@example.com', '665544998');
SELECT insert_alumno_with_sensitive_data('Rubén', 'Cabrera', 31, 'ruben@example.com', '556677441');
SELECT insert_alumno_with_sensitive_data('Cristina', 'Ortega', 30, 'cristina@example.com', '998844332');
SELECT insert_alumno_with_sensitive_data('Guillermo', 'Gallego', 25, 'guillermo@example.com', '665533221');
SELECT insert_alumno_with_sensitive_data('Esther', 'Rivas', 29, 'esther@example.com', '334455667');
SELECT insert_alumno_with_sensitive_data('Oscar', 'Soto', 27, 'oscar@example.com', '667788990');
SELECT insert_alumno_with_sensitive_data('Lidia', 'Salas', 26, 'lidia@example.com', '556677443');

UPDATE alumnos SET familiar_id = (SELECT id FROM alumnos WHERE nombre = 'Carlos' AND apellidos = 'García') WHERE nombre IN ('María', 'Juan');
UPDATE alumnos SET familiar_id = (SELECT id FROM alumnos WHERE nombre = 'María' AND apellidos = 'Pérez') WHERE nombre = 'Ana';
UPDATE alumnos SET familiar_id = (SELECT id FROM alumnos WHERE nombre = 'Juan' AND apellidos = 'López') WHERE nombre = 'Luis';
UPDATE alumnos SET familiar_id = (SELECT id FROM alumnos WHERE nombre = 'Teresa' AND apellidos = 'Vargas') WHERE nombre = 'Pedro';
UPDATE alumnos SET familiar_id = (SELECT id FROM alumnos WHERE nombre = 'Miguel' AND apellidos = 'Ramírez') WHERE nombre = 'Raquel';
UPDATE alumnos SET familiar_id = (SELECT id FROM alumnos WHERE nombre = 'Laura' AND apellidos = 'Suárez') WHERE nombre = 'Andrés';
UPDATE alumnos SET familiar_id = (SELECT id FROM alumnos WHERE nombre = 'Clara' AND apellidos = 'Ibáñez') WHERE nombre = 'Eva';
UPDATE alumnos SET familiar_id = (SELECT id FROM alumnos WHERE nombre = 'Ricardo' AND apellidos = 'Herrera') WHERE nombre = 'Tomás';


INSERT INTO clases (nombre, profesor_id, precio_base, tipo_pack) VALUES
('Piano', 1, 35.00, 'pack1'), ('Piano', 2, 35.00, 'pack1'), 
('Piano', 3, 35.00, 'pack1'), ('Piano', 4, 35.00, 'pack1'),
('Guitarra', 1, 35.00, 'pack1'), ('Guitarra', 2, 35.00, 'pack1'),
('Batería', 1, 35.00, 'pack1'), ('Violín', 3, 40.00, 'pack2'), 
('Canto', 4, 40.00, 'pack2'), ('Flauta', 1, 35.00, 'pack1'),
('Saxofón', 6, 40.00, 'pack2'), ('Clarinete', 6, 40.00, 'pack2'), 
('Percusión', 7, 40.00, 'pack2'), ('Bajo', 3, 40.00, 'pack2');

INSERT INTO niveles (clase_id, nivel) VALUES
(1, 'Cero'), (1, 'Iniciación'), (1, 'Medio'), (1, 'Avanzado'),
(5, 'Iniciación'), (5, 'Medio'),
(7, 'Iniciación'), (7, 'Medio'), (7, 'Avanzado'),
(10, 'Iniciación'), (10, 'Medio'),
(14, 'Iniciación'), (14, 'Medio');

-- Insertar los precios y descuentos de los packs
INSERT INTO precios (tipo_pack, precio_base, descuento_segunda, descuento_tercera) VALUES
('pack1', 35.00, 17.50, 8.75),
('pack2', 40.00, 20.00, 10.00);

-- Clase de Piano
INSERT INTO alumnos_clases (alumno_id, clase_id, nivel_id)
VALUES
((SELECT id FROM alumnos WHERE nombre = 'Carlos' AND apellidos = 'García'), 1, 3),  -- Piano Medio
((SELECT id FROM alumnos WHERE nombre = 'María' AND apellidos = 'Pérez'), 1, 2),   -- Piano Iniciación
((SELECT id FROM alumnos WHERE nombre = 'Juan' AND apellidos = 'López'), 1, 4),    -- Piano Avanzado
((SELECT id FROM alumnos WHERE nombre = 'Ana' AND apellidos = 'Martínez'), 1, 2),  -- Piano Iniciación
((SELECT id FROM alumnos WHERE nombre = 'Luis' AND apellidos = 'González'), 1, 3), -- Piano Medio
((SELECT id FROM alumnos WHERE nombre = 'Elena' AND apellidos = 'Sánchez'), 1, 1), -- Piano Cero
((SELECT id FROM alumnos WHERE nombre = 'Alberto' AND apellidos = 'Ruiz'), 1, 3),  -- Piano Medio
((SELECT id FROM alumnos WHERE nombre = 'Lucía' AND apellidos = 'Hernández'), 1, 2), -- Piano Iniciación
((SELECT id FROM alumnos WHERE nombre = 'Miguel' AND apellidos = 'Ramírez'), 1, 4), -- Piano Avanzado
((SELECT id FROM alumnos WHERE nombre = 'Raquel' AND apellidos = 'Díaz'), 1, 2);   -- Piano Iniciación

-- Clase de Guitarra
INSERT INTO alumnos_clases (alumno_id, clase_id, nivel_id)
VALUES
((SELECT id FROM alumnos WHERE nombre = 'Carlos' AND apellidos = 'Rodríguez'), 2, 1), -- Guitarra Iniciación
((SELECT id FROM alumnos WHERE nombre = 'Teresa' AND apellidos = 'Vargas'), 2, 2),    -- Guitarra Medio
((SELECT id FROM alumnos WHERE nombre = 'Pedro' AND apellidos = 'Santos'), 2, 1),     -- Guitarra Iniciación
((SELECT id FROM alumnos WHERE nombre = 'Sandra' AND apellidos = 'Gómez'), 2, 2),     -- Guitarra Medio
((SELECT id FROM alumnos WHERE nombre = 'Hugo' AND apellidos = 'Torres'), 2, 1),      -- Guitarra Iniciación
((SELECT id FROM alumnos WHERE nombre = 'Marta' AND apellidos = 'Flores'), 2, 2),     -- Guitarra Medio
((SELECT id FROM alumnos WHERE nombre = 'David' AND apellidos = 'Navarro'), 2, 1),    -- Guitarra Iniciación
((SELECT id FROM alumnos WHERE nombre = 'Patricia' AND apellidos = 'Cruz'), 2, 2),    -- Guitarra Medio
((SELECT id FROM alumnos WHERE nombre = 'Manuel' AND apellidos = 'Reyes'), 2, 1),     -- Guitarra Iniciación
((SELECT id FROM alumnos WHERE nombre = 'Paula' AND apellidos = 'Molina'), 2, 2);     -- Guitarra Medio


-- Clase de Batería
INSERT INTO alumnos_clases (alumno_id, clase_id, nivel_id)
VALUES
((SELECT id FROM alumnos WHERE nombre = 'Sergio' AND apellidos = 'Ortiz'), 3, 1),   -- Batería Iniciación
((SELECT id FROM alumnos WHERE nombre = 'Irene' AND apellidos = 'Rubio'), 3, 2),    -- Batería Medio
((SELECT id FROM alumnos WHERE nombre = 'Ramón' AND apellidos = 'Delgado'), 3, 3),  -- Batería Avanzado
((SELECT id FROM alumnos WHERE nombre = 'Adriana' AND apellidos = 'Vega'), 3, 1),   -- Batería Iniciación
((SELECT id FROM alumnos WHERE nombre = 'Víctor' AND apellidos = 'Castro'), 3, 2),  -- Batería Medio
((SELECT id FROM alumnos WHERE nombre = 'Natalia' AND apellidos = 'Blanco'), 3, 3), -- Batería Avanzado
((SELECT id FROM alumnos WHERE nombre = 'Rafael' AND apellidos = 'García'), 3, 1),  -- Batería Iniciación
((SELECT id FROM alumnos WHERE nombre = 'Julia' AND apellidos = 'Méndez'), 3, 2),   -- Batería Medio
((SELECT id FROM alumnos WHERE nombre = 'Diego' AND apellidos = 'Gil'), 3, 3),      -- Batería Avanzado
((SELECT id FROM alumnos WHERE nombre = 'Eva' AND apellidos = 'Rey'), 3, 1);        -- Batería Iniciación


-- Clase de Violín
INSERT INTO alumnos_clases (alumno_id, clase_id, nivel_id)
VALUES
((SELECT id FROM alumnos WHERE nombre = 'Antonio' AND apellidos = 'Pardo'), 4, 1), -- Violín
((SELECT id FROM alumnos WHERE nombre = 'Rosa' AND apellidos = 'Ramos'), 4, 1),    -- Violín
((SELECT id FROM alumnos WHERE nombre = 'Javier' AND apellidos = 'Sanz'), 4, 1),   -- Violín
((SELECT id FROM alumnos WHERE nombre = 'Nuria' AND apellidos = 'Ferrer'), 4, 1),  -- Violín
((SELECT id FROM alumnos WHERE nombre = 'Mario' AND apellidos = 'León'), 4, 1),    -- Violín
((SELECT id FROM alumnos WHERE nombre = 'Clara' AND apellidos = 'Ibáñez'), 4, 1),  -- Violín
((SELECT id FROM alumnos WHERE nombre = 'Francisco' AND apellidos = 'Campos'), 4, 1), -- Violín
((SELECT id FROM alumnos WHERE nombre = 'Lola' AND apellidos = 'Sierra'), 4, 1),   -- Violín
((SELECT id FROM alumnos WHERE nombre = 'Alejandro' AND apellidos = 'Lara'), 4, 1),-- Violín
((SELECT id FROM alumnos WHERE nombre = 'Beatriz' AND apellidos = 'Mora'), 4, 1);  -- Violín


-- Clase de Flauta
INSERT INTO alumnos_clases (alumno_id, clase_id, nivel_id)
VALUES
((SELECT id FROM alumnos WHERE nombre = 'Enrique' AND apellidos = 'Moya'), 5, 1),    -- Flauta Iniciación
((SELECT id FROM alumnos WHERE nombre = 'Lorena' AND apellidos = 'Pascual'), 5, 2),  -- Flauta Medio
((SELECT id FROM alumnos WHERE nombre = 'Tomás' AND apellidos = 'Pérez'), 5, 1),     -- Flauta Iniciación
((SELECT id FROM alumnos WHERE nombre = 'Miriam' AND apellidos = 'Marín'), 5, 2),    -- Flauta Medio
((SELECT id FROM alumnos WHERE nombre = 'Ricardo' AND apellidos = 'Herrera'), 5, 1), -- Flauta Iniciación
((SELECT id FROM alumnos WHERE nombre = 'Noelia' AND apellidos = 'Calvo'), 5, 2),    -- Flauta Medio
((SELECT id FROM alumnos WHERE nombre = 'Álvaro' AND apellidos = 'Lozano'), 5, 1),   -- Flauta Iniciación
((SELECT id FROM alumnos WHERE nombre = 'Yolanda' AND apellidos = 'Peña'), 5, 2),    -- Flauta Medio
((SELECT id FROM alumnos WHERE nombre = 'Pablo' AND apellidos = 'Aguilar'), 5, 1),   -- Flauta Iniciación
((SELECT id FROM alumnos WHERE nombre = 'Silvia' AND apellidos = 'Núñez'), 5, 2);    -- Flauta Medio


-- Clase de Percusión
INSERT INTO alumnos_clases (alumno_id, clase_id, nivel_id)
VALUES
((SELECT id FROM alumnos WHERE nombre = 'Alejandro' AND apellidos = 'Lara'), 8, 1),   -- Percusión
((SELECT id FROM alumnos WHERE nombre = 'Yolanda' AND apellidos = 'Peña'), 8, 1),      -- Percusión
((SELECT id FROM alumnos WHERE nombre = 'Rosa' AND apellidos = 'Ramos'), 8, 1),  -- Percusión
((SELECT id FROM alumnos WHERE nombre = 'Clara' AND apellidos = 'Ibáñez'), 8, 1),    -- Percusión
((SELECT id FROM alumnos WHERE nombre = 'Lola' AND apellidos = 'Sierra'), 8, 1),   -- Percusión
((SELECT id FROM alumnos WHERE nombre = 'Antonio' AND apellidos = 'Pardo'), 8, 1),  -- Percusión
((SELECT id FROM alumnos WHERE nombre = 'Javier' AND apellidos = 'Sanz'), 8, 1),    -- Percusión
((SELECT id FROM alumnos WHERE nombre = 'Irene' AND apellidos = 'Rubio'), 8, 1),    -- Percusión
((SELECT id FROM alumnos WHERE nombre = 'Adriana' AND apellidos = 'Vega'), 8, 1);    -- Percusión
-- Clase de Saxofón
INSERT INTO alumnos_clases (alumno_id, clase_id, nivel_id)
VALUES
((SELECT id FROM alumnos WHERE nombre = 'Rubén' AND apellidos = 'Cabrera'), 11, 1),    -- Saxofón
((SELECT id FROM alumnos WHERE nombre = 'Cristina' AND apellidos = 'Ortega'), 11, 1),  -- Saxofón
((SELECT id FROM alumnos WHERE nombre = 'Guillermo' AND apellidos = 'Gallego'), 11, 1),-- Saxofón
((SELECT id FROM alumnos WHERE nombre = 'Esther' AND apellidos = 'Rivas'), 11, 1),     -- Saxofón
((SELECT id FROM alumnos WHERE nombre = 'Oscar' AND apellidos = 'Soto'), 11, 1),       -- Saxofón
((SELECT id FROM alumnos WHERE nombre = 'Lidia' AND apellidos = 'Salas'), 11, 1),      -- Saxofón
((SELECT id FROM alumnos WHERE nombre = 'Carlos' AND apellidos = 'García'), 11, 1),    -- Saxofón
((SELECT id FROM alumnos WHERE nombre = 'María' AND apellidos = 'Pérez'), 11, 1),      -- Saxofón
((SELECT id FROM alumnos WHERE nombre = 'Juan' AND apellidos = 'López'), 11, 1),       -- Saxofón
((SELECT id FROM alumnos WHERE nombre = 'Ana' AND apellidos = 'Martínez'), 11, 1);     -- Saxofón

-- Clase de Clarinete
INSERT INTO alumnos_clases (alumno_id, clase_id, nivel_id)
VALUES
((SELECT id FROM alumnos WHERE nombre = 'Luis' AND apellidos = 'González'), 12, 1),    -- Clarinete
((SELECT id FROM alumnos WHERE nombre = 'Elena' AND apellidos = 'Sánchez'), 12, 1),    -- Clarinete
((SELECT id FROM alumnos WHERE nombre = 'Alberto' AND apellidos = 'Ruiz'), 12, 1),     -- Clarinete
((SELECT id FROM alumnos WHERE nombre = 'Lucía' AND apellidos = 'Hernández'), 12, 1),  -- Clarinete
((SELECT id FROM alumnos WHERE nombre = 'Miguel' AND apellidos = 'Ramírez'), 12, 1),   -- Clarinete
((SELECT id FROM alumnos WHERE nombre = 'Raquel' AND apellidos = 'Díaz'), 12, 1),      -- Clarinete
((SELECT id FROM alumnos WHERE nombre = 'Andrés' AND apellidos = 'Moreno'), 12, 1),    -- Clarinete
((SELECT id FROM alumnos WHERE nombre = 'Laura' AND apellidos = 'Suárez'), 12, 1),     -- Clarinete
((SELECT id FROM alumnos WHERE nombre = 'Carlos' AND apellidos = 'Rodríguez'), 12, 1), -- Clarinete
((SELECT id FROM alumnos WHERE nombre = 'Teresa' AND apellidos = 'Vargas'), 12, 1);    -- Clarinete

INSERT INTO clase_profesor (clase_id, profesor_id) 
VALUES 
((SELECT id FROM clases WHERE nombre = 'Piano' LIMIT 1), (SELECT id FROM profesores WHERE nombre = 'Mar' LIMIT 1)),
((SELECT id FROM clases WHERE nombre = 'Piano' LIMIT 1), (SELECT id FROM profesores WHERE nombre = 'Flor' LIMIT 1)),
((SELECT id FROM clases WHERE nombre = 'Piano' LIMIT 1), (SELECT id FROM profesores WHERE nombre = 'Álvaro' LIMIT 1)),
((SELECT id FROM clases WHERE nombre = 'Piano' LIMIT 1), (SELECT id FROM profesores WHERE nombre = 'Marifé' LIMIT 1)),
((SELECT id FROM clases WHERE nombre = 'Piano' LIMIT 1), (SELECT id FROM profesores WHERE nombre = 'Nayara' LIMIT 1)),
((SELECT id FROM clases WHERE nombre = 'Guitarra' LIMIT 1), (SELECT id FROM profesores WHERE nombre = 'Mar' LIMIT 1)),
((SELECT id FROM clases WHERE nombre = 'Guitarra' LIMIT 1), (SELECT id FROM profesores WHERE nombre = 'Flor' LIMIT 1)),
((SELECT id FROM clases WHERE nombre = 'Batería' LIMIT 1), (SELECT id FROM profesores WHERE nombre = 'Mar' LIMIT 1)),
((SELECT id FROM clases WHERE nombre = 'Violín' LIMIT 1), (SELECT id FROM profesores WHERE nombre = 'Nayara' LIMIT 1)),
((SELECT id FROM clases WHERE nombre = 'Canto' LIMIT 1), (SELECT id FROM profesores WHERE nombre = 'Marifé' LIMIT 1)),
((SELECT id FROM clases WHERE nombre = 'Flauta' LIMIT 1), (SELECT id FROM profesores WHERE nombre = 'Mar' LIMIT 1)),
((SELECT id FROM clases WHERE nombre = 'Saxofón' LIMIT 1), (SELECT id FROM profesores WHERE nombre = 'Nieves' LIMIT 1)),
((SELECT id FROM clases WHERE nombre = 'Clarinete' LIMIT 1), (SELECT id FROM profesores WHERE nombre = 'Nieves' LIMIT 1)),
((SELECT id FROM clases WHERE nombre = 'Percusión' LIMIT 1), (SELECT id FROM profesores WHERE nombre = 'Sofía' LIMIT 1)),
((SELECT id FROM clases WHERE nombre = 'Bajo' LIMIT 1), (SELECT id FROM profesores WHERE nombre = 'Nayara' LIMIT 1));
